V,S1,S2,S3,S4,S5,S6,S7,S8,S9,S10,S11,S12,S13,S14,S15,S16,S17,S18,S19,S20,S21,S22,S23,S24
68.07196,-0.1250012,-0.09611398,-0.08684624,-0.0927816,-0.10207585,-0.09169758,-0.07012332,-0.0721392,-0.08601703,-0.07436116,-0.07017416,-0.07549267,-0.060249965,-0.07864064,-0.09492091,-0.08528304,-0.08670893,-0.08002729,-0.053420383,-0.06630897,-0.09099385,-0.08285417,-0.10395506,-0.07262112
78.71063,-0.1665109,-0.16703379,-0.15506231,-0.15444266,-0.15582286,-0.14045451,-0.13016841,-0.14149967,-0.14502804,-0.13280895,-0.12781379,-0.13095658,-0.13621067,-0.14324904,-0.14866869,-0.13955153,-0.14067163,-0.14071947,-0.128930871,-0.13125634,-0.14731602,-0.14291486,-0.15906693,-0.14673091
76.31332,-0.16288,-0.13151791,-0.11875454,-0.12578781,-0.1372155,-0.12114546,-0.10147829,-0.10249818,-0.11592485,-0.10563828,-0.09900382,-0.1047339,-0.087234671,-0.10958391,-0.12463247,-0.11914751,-0.11569112,-0.10971351,-0.073810903,-0.09371527,-0.12095635,-0.11621221,-0.13695658,-0.09750313
104.3601,-0.2230481,-0.21480005,-0.20536104,-0.20599538,-0.20953783,-0.19696456,-0.18513316,-0.18974329,-0.19484213,-0.18611249,-0.18238181,-0.18735293,-0.18981988,-0.1938901,-0.20189638,-0.1932355,-0.19051758,-0.1982286,-0.173805031,-0.18823969,-0.2028421,-0.1978064,-0.20645083,-0.19494711
73.33618,-0.1463192,-0.13420912,-0.12165265,-0.12332013,-0.12892144,-0.1151058,-0.09978904,-0.10895074,-0.1151403,-0.10241276,-0.09756792,-0.10173092,-0.098159043,-0.11038371,-0.12062626,-0.11147442,-0.11338565,-0.10894728,-0.088705214,-0.09551575,-0.11735057,-0.11088632,-0.13194295,-0.10869067
85.89315,-0.1895669,-0.18589677,-0.17116239,-0.17188431,-0.17497932,-0.1566881,-0.14469942,-0.15737924,-0.16143035,-0.14795552,-0.14223868,-0.14612451,-0.148084356,-0.15797696,-0.16547802,-0.15655943,-0.15733066,-0.15530233,-0.136932905,-0.1428699,-0.16240209,-0.158036,-0.17703169,-0.15712067
77.52504,-0.1783706,-0.10000274,-0.09015976,-0.11894783,-0.13494094,-0.11574701,-0.07349212,-0.05071992,-0.10974643,-0.10478848,-0.09154071,-0.1052358,-0.020482021,-0.0936525,-0.12808897,-0.11763166,-0.09458028,-0.07219884,-0.034720014,-0.09104698,-0.11104048,-0.11216748,-0.08855902,-0.01892079
93.69143,-0.214942,-0.14895947,-0.14132859,-0.16577263,-0.17795129,-0.15581244,-0.12288159,-0.10331935,-0.15584262,-0.15113651,-0.13564141,-0.14983363,-0.073012317,-0.14256699,-0.16985177,-0.15688806,-0.11896309,-0.10813198,-0.070504367,-0.13748267,-0.14753682,-0.14874848,-0.09918674,-0.04888692
72.03354,-0.1427278,-0.11476189,-0.10401507,-0.1105047,-0.11885875,-0.1062357,-0.08501323,-0.08934581,-0.1029871,-0.08958207,-0.08558695,-0.09148083,-0.076807024,-0.09467985,-0.11124903,-0.10034269,-0.10314041,-0.09608387,-0.070100315,-0.08197355,-0.10643884,-0.09842824,-0.11996602,-0.08739282
89.22377,-0.207141,-0.21733326,-0.20418226,-0.20340355,-0.20228479,-0.18069116,-0.17535012,-0.18923914,-0.19149536,-0.17844395,-0.17237665,-0.17395409,-0.186022816,-0.19136449,-0.19228181,-0.18437721,-0.18401455,-0.18579689,-0.180055481,-0.17931811,-0.19171313,-0.18985113,-0.2029208,-0.1961572
78.88834,-0.1686019,-0.13317151,-0.12392082,-0.13336189,-0.14099755,-0.12722827,-0.10446093,-0.10583149,-0.12495222,-0.11142103,-0.10731732,-0.11531272,-0.094206314,-0.11550156,-0.13443698,-0.12232956,-0.12458865,-0.11865521,-0.089594028,-0.1063804,-0.12976635,-0.12196148,-0.13854871,-0.10297426
98.32357,-0.2188338,-0.2152933,-0.20245428,-0.20139638,-0.20603199,-0.18775602,-0.17768357,-0.1870436,-0.18936421,-0.17884284,-0.17272986,-0.17625476,-0.181965202,-0.18921309,-0.1944215,-0.1878437,-0.18507214,-0.18850935,-0.165516539,-0.17675041,-0.19521715,-0.19118565,-0.20574386,-0.18974663
70.00319,-0.1296498,-0.11515595,-0.10482714,-0.10732474,-0.11256936,-0.10129691,-0.08489103,-0.09232953,-0.10039237,-0.08779377,-0.0840433,-0.08836487,-0.082730564,-0.09448309,-0.10680478,-0.09605165,-0.09924155,-0.09473674,-0.075934971,-0.0820063,-0.10337798,-0.09537521,-0.11599046,-0.09359826
77.89043,-0.1617381,-0.14962971,-0.13814677,-0.13950933,-0.14482555,-0.13090257,-0.11580309,-0.12412375,-0.13051205,-0.11837432,-0.11352399,-0.11773899,-0.11516347,-0.12670533,-0.13667937,-0.12750797,-0.12880013,-0.12612729,-0.105386612,-0.11316082,-0.13452315,-0.12807413,-0.14775572,-0.12567732
74.81199,-0.1632829,-0.11113698,-0.10070726,-0.11718694,-0.12681287,-0.10963307,-0.08063071,-0.08001688,-0.10833303,-0.09244579,-0.08763519,-0.0984769,-0.061536923,-0.09242565,-0.11762771,-0.10482838,-0.10899089,-0.09605082,-0.060420483,-0.08410302,-0.10898089,-0.10330271,-0.1180357,-0.06631282
113.89354,-0.2436086,-0.2126856,-0.20671833,-0.21421191,-0.22021704,-0.19981844,-0.1882985,-0.18588723,-0.20251687,-0.19372705,-0.18859195,-0.19861134,-0.180824484,-0.19707178,-0.20997655,-0.20193419,-0.19354962,-0.19947161,-0.15967252,-0.19393069,-0.20569337,-0.20273609,-0.19644195,-0.17188917
76.39027,-0.1606892,-0.1427321,-0.12882285,-0.13177768,-0.13983699,-0.12394662,-0.10740531,-0.11530811,-0.12262211,-0.1101425,-0.10444912,-0.10911665,-0.102047084,-0.11767175,-0.12873297,-0.12126252,-0.12163384,-0.11614229,-0.089741131,-0.10093118,-0.12520786,-0.11963991,-0.14189289,-0.11212493
77.27903,-0.1600045,-0.15670335,-0.1440562,-0.14475235,-0.14677372,-0.13161356,-0.11933484,-0.13098066,-0.13575487,-0.12260882,-0.11784709,-0.12159738,-0.12295714,-0.13182868,-0.14005542,-0.12993668,-0.13203528,-0.1300032,-0.115258566,-0.11870936,-0.13697378,-0.13167857,-0.15021152,-0.13306514
71.60459,-0.1455532,-0.10201029,-0.09293096,-0.10445112,-0.11522337,-0.10305316,-0.07592631,-0.07377273,-0.09708653,-0.08478051,-0.08006021,-0.08795487,-0.059589995,-0.08693968,-0.10806575,-0.09708608,-0.0975065,-0.08861262,-0.056535852,-0.07725299,-0.10220718,-0.0950875,-0.11236454,-0.0709459
91.89324,-0.2077049,-0.17847799,-0.16544693,-0.17368985,-0.18242464,-0.16024233,-0.14491693,-0.1494398,-0.16274517,-0.14966108,-0.14390313,-0.15089839,-0.134639286,-0.15414567,-0.16950616,-0.16225771,-0.16120808,-0.15515608,-0.120240933,-0.13931967,-0.1643654,-0.15996119,-0.17774536,-0.1370148
68.38342,-0.1278295,-0.10001757,-0.08925624,-0.09493356,-0.10489955,-0.09325384,-0.07254899,-0.07504541,-0.08744125,-0.07633916,-0.07134004,-0.07635167,-0.061859118,-0.08076113,-0.09587835,-0.08795849,-0.08816625,-0.08119915,-0.052902496,-0.06663439,-0.09202212,-0.08496699,-0.10690974,-0.07428479
87.06521,-0.1867405,-0.17563173,-0.16551657,-0.16676795,-0.17102565,-0.1576381,-0.14331396,-0.15030632,-0.15693034,-0.14572706,-0.14142978,-0.14597656,-0.145165663,-0.1542718,-0.16402985,-0.15424961,-0.15466908,-0.15563047,-0.135022197,-0.14426794,-0.16340356,-0.15688078,-0.17296109,-0.15465672
82.68448,-0.1989784,-0.11226965,-0.10347992,-0.13669398,-0.1515218,-0.12372753,-0.08380311,-0.05278054,-0.12665893,-0.12003531,-0.10167321,-0.12150009,-0.006885945,-0.10252997,-0.14117576,-0.13227579,-0.10055353,-0.06961679,-0.024412656,-0.10210643,-0.1224826,-0.12574091,-0.06698128,0.02351894
110.97404,-0.2464244,-0.18436267,-0.17989875,-0.20292565,-0.21224516,-0.18313958,-0.15632377,-0.13809789,-0.19198541,-0.18521897,-0.16542404,-0.18441676,-0.096929365,-0.17508349,-0.19891858,-0.18482316,-0.13209342,-0.12390559,-0.073373456,-0.16733389,-0.16339884,-0.16642541,-0.07172956,-0.02466173
76.62093,-0.1601343,-0.13551444,-0.12352208,-0.12940429,-0.13698492,-0.12217046,-0.10275381,-0.10898167,-0.12083324,-0.10707507,-0.10267714,-0.10849655,-0.096267383,-0.11304834,-0.12832398,-0.11790383,-0.12038594,-0.11386072,-0.08779439,-0.09926944,-0.12352958,-0.11640176,-0.13785713,-0.1054713
80.5349,-0.1754269,-0.17242035,-0.15644975,-0.15673612,-0.16015113,-0.14211489,-0.13020086,-0.14379767,-0.14726522,-0.13320019,-0.12734737,-0.13114882,-0.133014685,-0.14347214,-0.15034734,-0.14169229,-0.14279417,-0.13950687,-0.122154977,-0.12678057,-0.14666027,-0.14233755,-0.16248311,-0.14244557
72.74282,-0.153041,-0.10453633,-0.09520167,-0.10964273,-0.11878262,-0.10469,-0.07521556,-0.07487682,-0.10167971,-0.086558,-0.08224374,-0.09221586,-0.059048163,-0.08776802,-0.1119226,-0.09809667,-0.10219957,-0.09125917,-0.059006841,-0.08018764,-0.10398237,-0.09707785,-0.1126171,-0.0670543
82.22376,-0.1814334,-0.14941034,-0.1378262,-0.14466072,-0.15592483,-0.13856945,-0.12065216,-0.11982708,-0.13388882,-0.12451965,-0.11758358,-0.12369508,-0.105877414,-0.12816622,-0.1429963,-0.13799335,-0.13207661,-0.12887597,-0.090114191,-0.11350354,-0.14050029,-0.13607589,-0.15333676,-0.11388844
66.6647,-0.1163462,-0.09252152,-0.08312727,-0.08797445,-0.09568091,-0.08581839,-0.06578671,-0.07012592,-0.0819591,-0.06935175,-0.06601648,-0.07100763,-0.059109769,-0.07421457,-0.08986246,-0.07873165,-0.08214008,-0.07563921,-0.053309847,-0.06233254,-0.08555477,-0.07656609,-0.09806528,-0.07063451
83.71582,-0.1805555,-0.17230068,-0.16068621,-0.16055403,-0.16548633,-0.15063553,-0.13742145,-0.14598143,-0.1504485,-0.13921913,-0.13390062,-0.13772388,-0.139151045,-0.14882768,-0.15629887,-0.14823794,-0.14804644,-0.14793654,-0.127421304,-0.13580013,-0.15584566,-0.15027306,-0.16801184,-0.14935269
79.51785,-0.1819087,-0.12293796,-0.11354508,-0.13272083,-0.14277008,-0.121671,-0.0938485,-0.08865539,-0.12287085,-0.10828999,-0.10135702,-0.11418763,-0.067228397,-0.10572158,-0.13218548,-0.12140869,-0.12167528,-0.10757129,-0.066288764,-0.09856413,-0.12344798,-0.11995385,-0.12694449,-0.06728501
91.76106,-0.206002,-0.16631525,-0.15833431,-0.16901715,-0.17708614,-0.15850029,-0.13953813,-0.13696486,-0.15887191,-0.14734885,-0.14171013,-0.15150945,-0.125498648,-0.15051622,-0.16846676,-0.15862637,-0.15518147,-0.15228816,-0.116800691,-0.14365292,-0.16456664,-0.15887841,-0.16591077,-0.12783692
71.77186,-0.1438351,-0.12024998,-0.10663213,-0.11144218,-0.1209236,-0.10653441,-0.08754497,-0.09353355,-0.10322007,-0.09086099,-0.08551272,-0.090553,-0.079023264,-0.0969336,-0.11022916,-0.1025289,-0.10321866,-0.09591234,-0.068214022,-0.08069743,-0.10587481,-0.09975843,-0.12285263,-0.08983393
84.06483,-0.1889823,-0.19759455,-0.18481452,-0.18441284,-0.18270547,-0.16288888,-0.15669566,-0.1701539,-0.17318011,-0.16009023,-0.15440003,-0.15684686,-0.166369696,-0.17169911,-0.1746229,-0.16587907,-0.16615629,-0.16784341,-0.160738936,-0.16028447,-0.17308515,-0.17100527,-0.18472099,-0.17630649
76.39399,-0.1598633,-0.12742064,-0.11780288,-0.124935,-0.13435108,-0.12119797,-0.09990268,-0.10054664,-0.11651797,-0.10492136,-0.10005892,-0.10648531,-0.088662221,-0.10951078,-0.12597355,-0.11674371,-0.11623629,-0.11111218,-0.080546543,-0.09783135,-0.12273679,-0.11553878,-0.13395186,-0.09920563
106.31838,-0.2316388,-0.22373056,-0.21164862,-0.21349363,-0.21747836,-0.19783544,-0.18764896,-0.19594974,-0.20088614,-0.19008534,-0.18435458,-0.18901126,-0.190085584,-0.19788462,-0.20676514,-0.19933014,-0.19617384,-0.19954567,-0.172530595,-0.18695665,-0.2057207,-0.20159804,-0.21438238,-0.19425406
70.86383,-0.1360719,-0.1166374,-0.10581181,-0.10888592,-0.11641781,-0.10433846,-0.08668029,-0.09234198,-0.10120997,-0.08938134,-0.08472618,-0.08924353,-0.081176219,-0.09579504,-0.10827112,-0.09946147,-0.10088624,-0.09577049,-0.072055985,-0.08174753,-0.10525405,-0.09793042,-0.11933277,-0.09263865
77.04338,-0.1564934,-0.13687442,-0.12743943,-0.13145309,-0.13691057,-0.12518093,-0.10701556,-0.11262855,-0.12351365,-0.11076988,-0.10721101,-0.11252558,-0.104292939,-0.11735115,-0.13147512,-0.11981964,-0.12269593,-0.11945767,-0.097875586,-0.10678873,-0.12863779,-0.12025869,-0.13932356,-0.11491248
74.32606,-0.1705199,-0.09500071,-0.08612316,-0.11196821,-0.12437364,-0.10444614,-0.064734,-0.05026752,-0.10274523,-0.09133816,-0.08062563,-0.09618711,-0.020709592,-0.08300327,-0.11621144,-0.10406572,-0.09616256,-0.07417216,-0.031881305,-0.08210871,-0.10217169,-0.10315532,-0.09128598,-0.01621272
101.61381,-0.2330836,-0.17622836,-0.17034165,-0.18841426,-0.20124269,-0.16909339,-0.15693671,-0.14189116,-0.17672953,-0.1682776,-0.15777759,-0.17117274,-0.119892818,-0.16298632,-0.18601243,-0.18217537,-0.16412956,-0.15833989,-0.106057845,-0.15414619,-0.17903774,-0.17733633,-0.16475348,-0.10613699
69.55052,-0.131941,-0.10214594,-0.092218,-0.09944961,-0.10766707,-0.09639506,-0.07380386,-0.07763858,-0.09273999,-0.07888718,-0.07555942,-0.08168921,-0.065432118,-0.08335893,-0.10139801,-0.08914361,-0.0931243,-0.08556069,-0.060625146,-0.07190705,-0.09604246,-0.08716222,-0.10858655,-0.07634554
81.50918,-0.1758758,-0.17460713,-0.16269967,-0.16128682,-0.1644036,-0.14931903,-0.13845859,-0.14872326,-0.15140121,-0.14005684,-0.13461438,-0.13758179,-0.143887071,-0.15127099,-0.15558582,-0.14780324,-0.14785385,-0.14843777,-0.134122516,-0.13846172,-0.15581751,-0.15114204,-0.16735862,-0.15471018
77.59638,-0.1671737,-0.12943073,-0.1186168,-0.12865337,-0.13847449,-0.12293112,-0.10021587,-0.10092496,-0.11988772,-0.10680858,-0.10185024,-0.10946218,-0.086561952,-0.11031557,-0.12911503,-0.11922703,-0.11985683,-0.11203561,-0.079766032,-0.09845541,-0.12382162,-0.11721449,-0.13583914,-0.09510144
103.31045,-0.2280655,-0.22921932,-0.21782915,-0.21648228,-0.21887726,-0.2027769,-0.19387072,-0.20234531,-0.20451353,-0.19492446,-0.18964024,-0.19303077,-0.202271524,-0.20555146,-0.20963102,-0.20200667,-0.19932141,-0.20628654,-0.187731933,-0.19752629,-0.2114121,-0.20797473,-0.21810918,-0.21003257
72.84271,-0.1434614,-0.13632586,-0.12321105,-0.12479481,-0.1280736,-0.11390824,-0.10000727,-0.11131169,-0.11692246,-0.10324582,-0.0988678,-0.1029465,-0.101109108,-0.11145367,-0.1214754,-0.11092457,-0.11388267,-0.10976098,-0.0934059,-0.09738519,-0.11727719,-0.11101412,-0.13139579,-0.11091556
81.48432,-0.1757278,-0.16991285,-0.15709323,-0.15657803,-0.16121732,-0.14543932,-0.13296512,-0.14306441,-0.14659725,-0.13480391,-0.12906509,-0.13255677,-0.135144711,-0.14496326,-0.1513283,-0.14372232,-0.14370725,-0.14261411,-0.123434079,-0.13027434,-0.15035021,-0.14534469,-0.16389847,-0.14566167
73.24285,-0.1564472,-0.10295178,-0.09441937,-0.11032294,-0.12035957,-0.10657627,-0.07495235,-0.07124847,-0.10251877,-0.08907379,-0.08370349,-0.09447895,-0.054853559,-0.08939229,-0.11424168,-0.10081174,-0.1020233,-0.09084549,-0.056831895,-0.0835922,-0.10595242,-0.10029739,-0.1114172,-0.06330143
108.0373,-0.2343723,-0.20528892,-0.19829022,-0.20670794,-0.21202432,-0.19037122,-0.17837333,-0.17865518,-0.19461279,-0.18366814,-0.17813534,-0.18728031,-0.170717829,-0.18687645,-0.20260289,-0.19411707,-0.18975903,-0.19125532,-0.154465967,-0.18050959,-0.1993928,-0.1943751,-0.19822329,-0.16758999
71.37469,-0.1386117,-0.11333073,-0.10333996,-0.10838712,-0.11651139,-0.10484447,-0.08478875,-0.08876784,-0.10098328,-0.08858699,-0.0844309,-0.08975331,-0.077375823,-0.09402639,-0.10918259,-0.09905589,-0.10106325,-0.09525462,-0.070000331,-0.08137529,-0.10548831,-0.09743565,-0.11852767,-0.0887616
73.80015,-0.1463691,-0.13757356,-0.1257294,-0.12703698,-0.13096152,-0.11754138,-0.10321308,-0.11302201,-0.11893191,-0.1061167,-0.10167945,-0.10567882,-0.103849519,-0.11430185,-0.12420227,-0.11410891,-0.1165855,-0.11319289,-0.095917714,-0.10089183,-0.12105259,-0.1145239,-0.13440442,-0.11428381
72.38308,-0.1512117,-0.1081378,-0.09556801,-0.10759931,-0.12045593,-0.10524441,-0.0796895,-0.07851474,-0.0993491,-0.08743861,-0.08177578,-0.08907225,-0.061358079,-0.08935623,-0.10944054,-0.10145765,-0.10028691,-0.08942684,-0.054611653,-0.07620782,-0.10300811,-0.09762565,-0.11795008,-0.07149857
84.23656,-0.1832216,-0.14981979,-0.14128715,-0.14973129,-0.15671517,-0.14291543,-0.12199928,-0.12262857,-0.14094652,-0.12849415,-0.12443896,-0.13257881,-0.113419764,-0.13330173,-0.15060358,-0.13883647,-0.13960668,-0.13650951,-0.10762624,-0.12599389,-0.14736978,-0.13973872,-0.1530032,-0.12116134
69.58767,-0.1317478,-0.10911496,-0.09779244,-0.10223708,-0.1104423,-0.0982883,-0.07911793,-0.0846249,-0.09498502,-0.08242912,-0.07808931,-0.0830189,-0.072230347,-0.08819666,-0.10233022,-0.09278975,-0.0949451,-0.08834615,-0.063993644,-0.07417425,-0.09818898,-0.09057842,-0.11278288,-0.08341733
99.72627,-0.226206,-0.23325189,-0.21893584,-0.21836937,-0.21855424,-0.19718561,-0.19039018,-0.20381553,-0.20598473,-0.19343756,-0.18698522,-0.18955553,-0.19951754,-0.20506745,-0.20843711,-0.20056689,-0.19915768,-0.20192832,-0.188415842,-0.19305212,-0.20775598,-0.20527648,-0.219076,-0.20878414
84.95397,-0.2006412,-0.11334134,-0.10366468,-0.13970661,-0.15656614,-0.13340888,-0.08205537,-0.04787779,-0.12940666,-0.12925829,-0.10659849,-0.12283571,0.001140676,-0.10950285,-0.1496012,-0.13341466,-0.07642178,-0.04599772,-0.025541776,-0.10578819,-0.11436055,-0.11562283,-0.03336245,0.02976668
96.30751,-0.2240032,-0.16178179,-0.15763412,-0.17839523,-0.18546755,-0.15524633,-0.13469043,-0.12335754,-0.16666327,-0.15462547,-0.14108199,-0.15917355,-0.093867847,-0.14667092,-0.17529217,-0.16630617,-0.14851868,-0.13622951,-0.079742175,-0.14450037,-0.16484245,-0.16384888,-0.1271299,-0.05854969
70.56284,-0.139054,-0.10199026,-0.09251933,-0.10132769,-0.11217593,-0.10044253,-0.07621165,-0.07532089,-0.0938124,-0.0825303,-0.07757986,-0.08396016,-0.061819691,-0.08552539,-0.10405447,-0.09495351,-0.09443344,-0.08685652,-0.055357913,-0.07366181,-0.09953858,-0.09240987,-0.11193575,-0.07406999
85.93537,-0.1886302,-0.19179022,-0.17985577,-0.17966512,-0.17963138,-0.162701,-0.15346139,-0.16521664,-0.1689604,-0.15665039,-0.15153313,-0.15475786,-0.161482587,-0.16737248,-0.17275825,-0.16317217,-0.16380357,-0.16560685,-0.154134323,-0.15688168,-0.17150196,-0.16791497,-0.18251286,-0.17168651
82.62323,-0.1853442,-0.14490832,-0.13302017,-0.14464088,-0.15519095,-0.13591188,-0.11498305,-0.11486104,-0.13486884,-0.12187447,-0.11614909,-0.12447857,-0.098605633,-0.12446012,-0.14352519,-0.1352231,-0.1343797,-0.12579826,-0.089657243,-0.11169131,-0.13765216,-0.13252196,-0.1497555,-0.10379651
86.89034,-0.1871479,-0.16553099,-0.15659577,-0.15995592,-0.16657769,-0.15390961,-0.13721157,-0.13993891,-0.15063864,-0.13995565,-0.13591057,-0.14171525,-0.133888477,-0.14700674,-0.1593144,-0.14969232,-0.14885355,-0.14953548,-0.123333918,-0.13810803,-0.15895373,-0.15151614,-0.16620728,-0.1425686
70.07315,-0.1334688,-0.11561934,-0.1039001,-0.1065929,-0.11417791,-0.10168449,-0.08468893,-0.09109769,-0.09887421,-0.08710276,-0.08215234,-0.08645326,-0.079299781,-0.09375366,-0.10535109,-0.09721179,-0.09839656,-0.09297495,-0.069414948,-0.07873223,-0.1022243,-0.09536583,-0.11717083,-0.09074607
78.11639,-0.1631649,-0.15053839,-0.13767096,-0.14050007,-0.14523207,-0.13002713,-0.11422093,-0.12429649,-0.13156467,-0.11782626,-0.11324946,-0.11790004,-0.11354272,-0.12578291,-0.13739785,-0.12694625,-0.12952524,-0.12503871,-0.104534891,-0.11150668,-0.13325501,-0.12685753,-0.14771647,-0.12295278
72.21772,-0.1588033,-0.08936346,-0.08036873,-0.1032308,-0.11648561,-0.10067589,-0.061262,-0.04927526,-0.09499145,-0.08453351,-0.07604081,-0.08881925,-0.025948384,-0.07943266,-0.10998479,-0.09762645,-0.09185324,-0.0734246,-0.035444838,-0.07655558,-0.09741268,-0.09591053,-0.09568063,-0.03207185
162.20299,-0.3026476,-0.31281832,-0.29751399,-0.29606912,-0.30152327,-0.27205273,-0.27522778,-0.28410483,-0.28102196,-0.27461951,-0.26630214,-0.26738662,-0.283172713,-0.28039779,-0.28303906,-0.28235005,-0.26847013,-0.28521906,-0.243611725,-0.2734561,-0.28734002,-0.28541907,-0.28621352,-0.27872564
74.53209,-0.150051,-0.13320966,-0.12194787,-0.124777,-0.13107053,-0.11787005,-0.10090414,-0.10818886,-0.11654199,-0.10392521,-0.09943182,-0.10407618,-0.097704366,-0.11110199,-0.12328223,-0.11350165,-0.11553608,-0.11109961,-0.088890077,-0.09743504,-0.12008791,-0.11289842,-0.13378991,-0.10832357
76.06582,-0.1557649,-0.15105041,-0.13937394,-0.13902481,-0.142486,-0.12865031,-0.11627551,-0.12617433,-0.13022533,-0.11840905,-0.11343108,-0.11683758,-0.119138345,-0.12798665,-0.1348475,-0.12615626,-0.12735448,-0.12595071,-0.110392854,-0.11481215,-0.13348183,-0.12791429,-0.14598427,-0.12996993
73.20937,-0.1490204,-0.11649218,-0.1054182,-0.11406417,-0.12259597,-0.10904077,-0.08611717,-0.0900651,-0.10633322,-0.09191275,-0.08810896,-0.09494846,-0.076525259,-0.09629295,-0.11490566,-0.1030332,-0.10667584,-0.09837923,-0.070991649,-0.08423712,-0.10899319,-0.10103189,-0.1222181,-0.08604732
83.28314,-0.1833361,-0.1479036,-0.13819959,-0.14604219,-0.15678071,-0.14076941,-0.12153254,-0.11882168,-0.13601547,-0.12655565,-0.12025744,-0.12717055,-0.1064027,-0.13006434,-0.14602417,-0.13938386,-0.13337731,-0.13086983,-0.093442282,-0.11831162,-0.14384264,-0.13846154,-0.15227689,-0.11396266
68.67192,-0.126939,-0.1062211,-0.09433475,-0.09897039,-0.10618831,-0.09412144,-0.07503991,-0.08227961,-0.09230644,-0.07854983,-0.07495385,-0.07999734,-0.069892306,-0.08448644,-0.09918114,-0.0879946,-0.09180239,-0.08467231,-0.062903002,-0.07091665,-0.09409329,-0.08588211,-0.10841529,-0.08020354
90.01633,-0.1993583,-0.19696161,-0.18429245,-0.18366364,-0.18689765,-0.16992839,-0.15887199,-0.16942392,-0.17262069,-0.16099891,-0.15535025,-0.15883566,-0.16390683,-0.17158913,-0.17737333,-0.16924828,-0.16864421,-0.17001608,-0.151965559,-0.15904893,-0.17694561,-0.17256609,-0.18860016,-0.17348352
76.32474,-0.1720515,-0.11032091,-0.10255507,-0.12245177,-0.13042724,-0.1126086,-0.07861173,-0.07403915,-0.11323293,-0.0986968,-0.09080885,-0.10513444,-0.05193941,-0.09561114,-0.12430872,-0.10974656,-0.10887449,-0.09490295,-0.055162692,-0.09419941,-0.11329087,-0.1113347,-0.10844246,-0.04892258
112.1694,-0.2454312,-0.20040823,-0.19735751,-0.21073565,-0.21561365,-0.18742145,-0.17513302,-0.17082054,-0.19848529,-0.18761995,-0.17877917,-0.19338284,-0.156806767,-0.18716449,-0.20591476,-0.19680982,-0.18472164,-0.18415612,-0.136210881,-0.18618284,-0.19601347,-0.19476668,-0.17082537,-0.13108638
77.11577,-0.1642709,-0.14278205,-0.12812073,-0.1327443,-0.14135896,-0.12464051,-0.10681825,-0.11479604,-0.12373613,-0.11035682,-0.10497579,-0.11026916,-0.100243978,-0.11732932,-0.13011162,-0.12190592,-0.12300018,-0.11598826,-0.088582147,-0.10060833,-0.12537317,-0.11975277,-0.14257775,-0.10917636
77.85294,-0.1634166,-0.15734301,-0.14385478,-0.14460009,-0.14825224,-0.1326098,-0.1193753,-0.13078173,-0.13548301,-0.1223037,-0.11714612,-0.12103667,-0.121249687,-0.13157524,-0.13994529,-0.13061253,-0.13227005,-0.12930943,-0.111759134,-0.11684743,-0.13683241,-0.13144785,-0.15118236,-0.13128174
72.86924,-0.1547291,-0.0984646,-0.08882019,-0.10602083,-0.1203049,-0.10618003,-0.0747235,-0.06422186,-0.09743701,-0.0895577,-0.08147295,-0.09014272,-0.045972135,-0.0863905,-0.11166276,-0.10388767,-0.0942431,-0.0833026,-0.042919699,-0.07699689,-0.10385048,-0.10020889,-0.1090084,-0.05662451
94.44432,-0.2084591,-0.20214182,-0.18863102,-0.19081243,-0.19376329,-0.17487211,-0.16277434,-0.17400832,-0.17935648,-0.16644851,-0.16098335,-0.1653524,-0.165788364,-0.17531748,-0.18459048,-0.17545699,-0.17554384,-0.17475125,-0.15327453,-0.16208319,-0.18165351,-0.17717466,-0.19439989,-0.17292356
69.10046,-0.1274409,-0.10979519,-0.09902335,-0.10207088,-0.10872585,-0.09726538,-0.07987089,-0.0864764,-0.09512288,-0.08268217,-0.07862405,-0.08309329,-0.075597557,-0.08899833,-0.10179926,-0.0918345,-0.09448605,-0.08903308,-0.06788653,-0.07558206,-0.09817234,-0.09030668,-0.11174367,-0.08668058
93.55253,-0.2110571,-0.21702123,-0.20575831,-0.2050836,-0.20468717,-0.18686837,-0.17930085,-0.19033615,-0.19349763,-0.18200435,-0.17670589,-0.17943144,-0.189626574,-0.19371528,-0.1971128,-0.18819689,-0.18766049,-0.19186187,-0.181739776,-0.18498001,-0.19746723,-0.19476875,-0.20638456,-0.19960468
85.76023,-0.1970501,-0.14111062,-0.13180666,-0.14923868,-0.16246013,-0.14129803,-0.11747891,-0.1056098,-0.13916968,-0.13049369,-0.12164541,-0.13261307,-0.086427272,-0.12808328,-0.15114672,-0.14437411,-0.13171119,-0.12365648,-0.079989734,-0.11920781,-0.1441245,-0.14135784,-0.14199103,-0.08753409
83.94853,-0.1933675,-0.13222481,-0.12421651,-0.14417118,-0.15487118,-0.13509228,-0.10542217,-0.09456119,-0.13506633,-0.12452611,-0.11542743,-0.12911319,-0.073775852,-0.12225972,-0.1475984,-0.13614298,-0.12677921,-0.11524941,-0.07575995,-0.11895822,-0.13744142,-0.13534735,-0.12804642,-0.07203872
69.38942,-0.1312738,-0.10279632,-0.0920667,-0.09929087,-0.10725062,-0.09547777,-0.07318697,-0.07829485,-0.09259848,-0.07813051,-0.07498702,-0.0810704,-0.065644924,-0.08284728,-0.10082964,-0.08820724,-0.09284375,-0.08480333,-0.060656272,-0.07094004,-0.09497962,-0.08609278,-0.10817555,-0.07595928
82.6081,-0.18467,-0.18833689,-0.17318788,-0.17199204,-0.17360774,-0.15449247,-0.14575178,-0.159818,-0.16193408,-0.14834329,-0.14207286,-0.1448346,-0.152284062,-0.16016902,-0.16349917,-0.15569633,-0.15577532,-0.15500934,-0.142871838,-0.14462638,-0.16152309,-0.15829768,-0.17541805,-0.16254041
74.94301,-0.1571901,-0.11834417,-0.10849682,-0.11883158,-0.12818985,-0.1145129,-0.09007171,-0.09053038,-0.11080722,-0.09738566,-0.09297857,-0.10080267,-0.076937259,-0.10072012,-0.12052146,-0.10916542,-0.11101165,-0.10307173,-0.072454133,-0.09027981,-0.11501501,-0.10756533,-0.12586539,-0.08659765
118.10503,-0.2493885,-0.23563387,-0.22625758,-0.22629303,-0.23379298,-0.21541818,-0.20790987,-0.20874445,-0.21273954,-0.20645698,-0.20097854,-0.20663553,-0.206530723,-0.21171721,-0.21930239,-0.21510964,-0.20404541,-0.21660064,-0.175550669,-0.20438557,-0.22131452,-0.21814777,-0.22055229,-0.20205271
72.42098,-0.1399611,-0.12135973,-0.111621,-0.11501953,-0.12101256,-0.1097199,-0.09180664,-0.09783242,-0.1076929,-0.09509586,-0.09136778,-0.09618761,-0.088394607,-0.10153553,-0.11510974,-0.10410013,-0.10703647,-0.1027233,-0.081656051,-0.08965905,-0.11193519,-0.10360996,-0.12400045,-0.09949051
83.48287,-0.1809697,-0.16126928,-0.15049802,-0.15228056,-0.1609837,-0.14594262,-0.13095482,-0.13409269,-0.1415307,-0.13224805,-0.12613987,-0.13074017,-0.124802409,-0.13940974,-0.14939229,-0.1438373,-0.13998686,-0.14011105,-0.108425097,-0.12539746,-0.14967446,-0.14420481,-0.16189752,-0.13429426
79.19282,-0.1900942,-0.10531684,-0.09638809,-0.12800773,-0.14057985,-0.1132197,-0.07325297,-0.0463964,-0.11708191,-0.10793663,-0.08942554,-0.10974835,0.003336161,-0.08702719,-0.1283097,-0.12120467,-0.09249586,-0.05995804,-0.003696056,-0.08735816,-0.11228154,-0.11734412,-0.05363228,0.04761531
91.04828,-0.2144711,-0.1418079,-0.13397936,-0.16227974,-0.17205871,-0.14640803,-0.11025691,-0.08911377,-0.15237183,-0.1434887,-0.12424379,-0.14484577,-0.044506921,-0.13049908,-0.16380654,-0.15049078,-0.11367348,-0.09261242,-0.039998505,-0.13062937,-0.13959647,-0.14206696,-0.06726799,0.01403078
72.09542,-0.1440013,-0.11214012,-0.10138881,-0.10977398,-0.11807456,-0.10521351,-0.08218244,-0.08626055,-0.10235961,-0.08788582,-0.08432102,-0.09103313,-0.073115066,-0.09228283,-0.11096951,-0.09868019,-0.10271331,-0.09454538,-0.068063057,-0.08054214,-0.1050777,-0.09674485,-0.11802978,-0.0829924
90.67921,-0.2100491,-0.21819871,-0.20370146,-0.20232386,-0.20280092,-0.18137905,-0.17492502,-0.18925691,-0.19092859,-0.1776382,-0.17116295,-0.17296397,-0.184408517,-0.19072826,-0.19186891,-0.18441347,-0.18371623,-0.18477243,-0.17599457,-0.17679347,-0.19123412,-0.18879579,-0.20342118,-0.19479029
79.33184,-0.1751258,-0.12837661,-0.11921915,-0.13268377,-0.14236595,-0.12631416,-0.10075467,-0.09781179,-0.1239075,-0.1110164,-0.10551977,-0.11538665,-0.08284082,-0.11282661,-0.1343713,-0.12322947,-0.12281461,-0.11446801,-0.079821713,-0.10463607,-0.12829133,-0.12225151,-0.13474156,-0.0898309
95.55193,-0.2098628,-0.19445321,-0.18404811,-0.18566433,-0.19200089,-0.17580413,-0.16264643,-0.16753995,-0.17439325,-0.16426145,-0.15911421,-0.16420929,-0.161473287,-0.17199356,-0.18176716,-0.17420646,-0.17128529,-0.17389582,-0.145652984,-0.16137809,-0.18187376,-0.17627419,-0.1902558,-0.16775343
69.56779,-0.127211,-0.1094519,-0.09987609,-0.1034661,-0.10897836,-0.09844371,-0.08057147,-0.08703264,-0.09693941,-0.08394483,-0.08070593,-0.08542905,-0.077463094,-0.08992924,-0.1041023,-0.09226579,-0.09620471,-0.0912667,-0.071862,-0.07841733,-0.10026415,-0.09141634,-0.11215709,-0.08843725
77.20731,-0.1603605,-0.14092621,-0.13024653,-0.13276169,-0.14046104,-0.12699956,-0.11018915,-0.11516368,-0.12367642,-0.11257063,-0.10738363,-0.11202803,-0.105108901,-0.11970863,-0.13115844,-0.12327931,-0.12299041,-0.12000978,-0.093792422,-0.10591325,-0.12955066,-0.12290087,-0.14282609,-0.11599976
74.0399,-0.1665651,-0.10009301,-0.09107959,-0.11257566,-0.12366749,-0.10478657,-0.07017596,-0.06269522,-0.10337572,-0.08930486,-0.08176265,-0.09531864,-0.039081543,-0.08491818,-0.11440762,-0.10213619,-0.10164743,-0.08448579,-0.043757391,-0.08069026,-0.10362924,-0.10142311,-0.10441992,-0.04006075
135.76129,-0.2668916,-0.25468599,-0.24703434,-0.24981135,-0.25388168,-0.23784568,-0.23027788,-0.23014681,-0.23565027,-0.2302302,-0.22620146,-0.23324941,-0.231858124,-0.2315627,-0.23967427,-0.23547762,-0.22519974,-0.24064807,-0.195545935,-0.22786686,-0.23606683,-0.23661049,-0.22915618,-0.21947551
77.92852,-0.1656486,-0.1538527,-0.13884771,-0.14087645,-0.14684587,-0.13018444,-0.11512078,-0.12614291,-0.13181827,-0.11813374,-0.11272235,-0.11717994,-0.113611341,-0.12683628,-0.13670931,-0.12797397,-0.12950587,-0.12433288,-0.102270567,-0.11008056,-0.13258076,-0.12715181,-0.14903905,-0.12292741
78.73112,-0.1675691,-0.16774849,-0.15423769,-0.15409728,-0.15554474,-0.13898788,-0.12838026,-0.1410115,-0.14464032,-0.13143705,-0.12613753,-0.12953099,-0.13348311,-0.14160418,-0.14783339,-0.13854589,-0.13986843,-0.13862991,-0.125389874,-0.12791979,-0.14517684,-0.14088728,-0.15854902,-0.14360125
73.02725,-0.1506836,-0.10923502,-0.09953795,-0.11006003,-0.12184089,-0.10874851,-0.08383662,-0.08052383,-0.1017917,-0.09144891,-0.08557787,-0.09255653,-0.065974253,-0.09336305,-0.11281639,-0.10476458,-0.10159945,-0.09408385,-0.058822269,-0.0816453,-0.10821396,-0.10219104,-0.11945572,-0.07755269
91.01981,-0.2020882,-0.1776143,-0.16617604,-0.17272169,-0.17938616,-0.16049415,-0.1445208,-0.14984344,-0.16196247,-0.14898916,-0.14388435,-0.15041693,-0.138378017,-0.15454193,-0.16928775,-0.16023184,-0.16024472,-0.1563998,-0.126203827,-0.1418885,-0.16529476,-0.15959706,-0.1766787,-0.1432959
